<?xml version="1.0" encoding="ISO-8859-1"?>
<!--
  ~ Licensed to the Apache Software Foundation (ASF) under one or more
  ~ contributor license agreements.  See the NOTICE file distributed with
  ~ this work for additional information regarding copyright ownership.
  ~ The ASF licenses this file to you under the Apache License, Version 2.0
  ~ (the "License"); you may not use this file except in compliance with
  ~ the License.  You may obtain a copy of the License at
  ~
  ~ http://www.apache.org/licenses/LICENSE-2.0
  ~
  ~ Unless required by applicable law or agreed to in writing, software
  ~ distributed under the License is distributed on an "AS IS" BASIS,
  ~ WITHOUT WARRANTIES OR CONDITIONS OF ANY KIND, either express or implied.
  ~ See the License for the specific language governing permissions and
  ~ limitations under the License.
  -->

<!DOCTYPE document
[
<!ENTITY release '5.6.2'>
<!ENTITY hellip   "&#x02026;" >
]>

<document>
<properties>
    <title>Download Apache JMeter</title>
</properties>
<body>
    <section name="Download Apache JMeter">
      <p>
        We recommend you use a mirror to download our release
        builds, but you <strong>must</strong> <a href="http://www.apache.org/info/verification.html">verify the integrity</a> of
        the downloaded files using signatures downloaded from our main
        distribution directories. Recent releases (48 hours) may not yet
        be available from all the mirrors.
      </p>

      <p>
        You are currently using <b>[preferred]</b>.  If you
        encounter a problem with this mirror, please select another
        mirror.  If all mirrors are failing, there are <i>backup</i>
        mirrors (at the end of the mirrors list) that should be
        available.
        <br></br>
        [if-any logo]<a href="[link]"><img align="right" src="[logo]" border="0"></img></a>[end]
      </p>

      <form action="[location]" method="get" id="SelectMirror">
        <p>
          Other mirrors:
          <select name="Preferred">
          [if-any http]
            [for http]<option value="[http]">[http]</option>[end]
          [end]
          [if-any ftp]
            [for ftp]<option value="[ftp]">[ftp]</option>[end]
          [end]
          [if-any backup]
            [for backup]<option value="[backup]">[backup] (backup)</option>[end]
          [end]
          </select>
          <input type="submit" value="Change"></input>
        </p>
      </form>

      <p>
        The <code>KEYS</code> link links to the code signing keys used to sign the product.
        The <code>PGP</code> link downloads the OpenPGP compatible signature from our main site.
        The <code>SHA-512</code> link downloads the sha512 checksum from the main site.
        Please <a href="http://www.apache.org/info/verification.html">verify the integrity</a>
        of the downloaded file.
      </p>
      <p>
      For more information concerning Apache JMeter, see the <a href="http://jmeter.apache.org/">Apache JMeter</a> site.
      </p>
      <p>
      <a href="https://www.apache.org/dist/jmeter/KEYS">KEYS</a>
      </p>
    </section>
    <section name="Apache JMeter &release; (Requires Java 8+)">
      <subsection name="Binaries" anchor="binaries">
        <table>
          <tr>
              <td><a href="[preferred]/jmeter/binaries/apache-jmeter-&release;.tgz">apache-jmeter-&release;.tgz</a></td>
              <td><a href="https://www.apache.org/dist/jmeter/binaries/apache-jmeter-&release;.tgz.sha512">sha512</a></td>
              <td><a href="https://www.apache.org/dist/jmeter/binaries/apache-jmeter-&release;.tgz.asc">pgp</a></td>
          </tr>
          <tr>
              <td><a href="[preferred]/jmeter/binaries/apache-jmeter-&release;.zip">apache-jmeter-&release;.zip</a></td>
              <td><a href="https://www.apache.org/dist/jmeter/binaries/apache-jmeter-&release;.zip.sha512">sha512</a></td>
              <td><a href="https://www.apache.org/dist/jmeter/binaries/apache-jmeter-&release;.zip.asc">pgp</a></td>
          </tr>
        </table>
      </subsection>
      <subsection name="Source" anchor="source">
        <table>
          <tr>
              <td><a href="[preferred]/jmeter/source/apache-jmeter-&release;_src.tgz">apache-jmeter-&release;_src.tgz</a></td>
              <td><a href="https://www.apache.org/dist/jmeter/source/apache-jmeter-&release;_src.tgz.sha512">sha512</a></td>
              <td><a href="https://www.apache.org/dist/jmeter/source/apache-jmeter-&release;_src.tgz.asc">pgp</a></td>
          </tr>
          <tr>
              <td><a href="[preferred]/jmeter/source/apache-jmeter-&release;_src.zip">apache-jmeter-&release;_src.zip</a></td>
              <td><a href="https://www.apache.org/dist/jmeter/source/apache-jmeter-&release;_src.zip.sha512">sha512</a></td>
              <td><a href="https://www.apache.org/dist/jmeter/source/apache-jmeter-&release;_src.zip.asc">pgp</a></td>
          </tr>
        </table>
      </subsection>
    </section>
    <section name="Archives">
        <p>
          Older releases can be obtained from the archives.
        </p>
        <ul>
          <li class="download"><a href="[preferred]/jmeter/">browse download area</a></li>
          <li><a href="https://archive.apache.org/dist/jmeter/">Apache JMeter archives&hellip;</a></li>
          <li><a href="https://archive.apache.org/dist/jakarta/jmeter/">Apache Jakarta JMeter archives&hellip;</a></li>
        </ul>
    </section>
    <section name="Verification of downloads">
    <p>
    It is essential that you verify the integrity of the downloaded files using the PGP signature.
    Please read <a href="http://www.apache.org/info/verification.html">Verifying Apache Software Foundation Releases</a> for more information on why you should verify our releases.
    </p>
    </section>
</body>
</document>
